000005.jpg,000005.txt
000007.jpg,000007.txt
000009.jpg,000009.txt
000016.jpg,000016.txt
000019.jpg,000019.txt
000020.jpg,000020.txt
000021.jpg,000021.txt
000024.jpg,000024.txt
000030.jpg,000030.txt
000039.jpg,000039.txt
000041.jpg,000041.txt
000046.jpg,000046.txt
000050.jpg,000050.txt
000051.jpg,000051.txt
000052.jpg,000052.txt
000060.jpg,000060.txt
000063.jpg,000063.txt
000065.jpg,000065.txt
000072.jpg,000072.txt
000081.jpg,000081.txt
000093.jpg,000093.txt
000095.jpg,000095.txt
000099.jpg,000099.txt
000101.jpg,000101.txt
000102.jpg,000102.txt
000107.jpg,000107.txt
000109.jpg,000109.txt
000110.jpg,000110.txt
000113.jpg,000113.txt
000117.jpg,000117.txt
000118.jpg,000118.txt
000120.jpg,000120.txt
000121.jpg,000121.txt
000123.jpg,000123.txt
000125.jpg,000125.txt
000130.jpg,000130.txt
000131.jpg,000131.txt
000132.jpg,000132.txt
000142.jpg,000142.txt
000143.jpg,000143.txt
000146.jpg,000146.txt
000150.jpg,000150.txt
000156.jpg,000156.txt
000158.jpg,000158.txt
000165.jpg,000165.txt
000169.jpg,000169.txt
000170.jpg,000170.txt
000177.jpg,000177.txt
000180.jpg,000180.txt
000184.jpg,000184.txt
000190.jpg,000190.txt
000203.jpg,000203.txt
000208.jpg,000208.txt
000210.jpg,000210.txt
000211.jpg,000211.txt
000214.jpg,000214.txt
000215.jpg,000215.txt
000218.jpg,000218.txt
000221.jpg,000221.txt
000224.jpg,000224.txt
000229.jpg,000229.txt
000232.jpg,000232.txt
000233.jpg,000233.txt
000236.jpg,000236.txt
000241.jpg,000241.txt
000244.jpg,000244.txt
000245.jpg,000245.txt
000246.jpg,000246.txt
000249.jpg,000249.txt
000251.jpg,000251.txt
000257.jpg,000257.txt
000266.jpg,000266.txt
000268.jpg,000268.txt
000269.jpg,000269.txt
000270.jpg,000270.txt
000275.jpg,000275.txt
000285.jpg,000285.txt
000289.jpg,000289.txt
000298.jpg,000298.txt
000302.jpg,000302.txt
000303.jpg,000303.txt
000304.jpg,000304.txt
000305.jpg,000305.txt
000308.jpg,000308.txt
000318.jpg,000318.txt
000321.jpg,000321.txt
000322.jpg,000322.txt
000323.jpg,000323.txt
000328.jpg,000328.txt
000329.jpg,000329.txt
000332.jpg,000332.txt
000336.jpg,000336.txt
000338.jpg,000338.txt
000340.jpg,000340.txt
000343.jpg,000343.txt
000352.jpg,000352.txt
000354.jpg,000354.txt
000363.jpg,000363.txt
000373.jpg,000373.txt
000374.jpg,000374.txt
000380.jpg,000380.txt
000381.jpg,000381.txt
000396.jpg,000396.txt
000403.jpg,000403.txt
000408.jpg,000408.txt
000417.jpg,000417.txt
000419.jpg,000419.txt
000420.jpg,000420.txt
000424.jpg,000424.txt
000427.jpg,000427.txt
000428.jpg,000428.txt
000433.jpg,000433.txt
000435.jpg,000435.txt
000439.jpg,000439.txt
000443.jpg,000443.txt
000448.jpg,000448.txt
000459.jpg,000459.txt
000460.jpg,000460.txt
000461.jpg,000461.txt
000462.jpg,000462.txt
000464.jpg,000464.txt
000480.jpg,000480.txt
000482.jpg,000482.txt
000483.jpg,000483.txt
000486.jpg,000486.txt
000491.jpg,000491.txt
000492.jpg,000492.txt
000494.jpg,000494.txt
000498.jpg,000498.txt
000499.jpg,000499.txt
000500.jpg,000500.txt
000501.jpg,000501.txt
000509.jpg,000509.txt
000513.jpg,000513.txt
000514.jpg,000514.txt
000515.jpg,000515.txt
000520.jpg,000520.txt
000523.jpg,000523.txt
000530.jpg,000530.txt
000531.jpg,000531.txt
000540.jpg,000540.txt
000543.jpg,000543.txt
000545.jpg,000545.txt
000563.jpg,000563.txt
000564.jpg,000564.txt
000579.jpg,000579.txt
000581.jpg,000581.txt
000582.jpg,000582.txt
000588.jpg,000588.txt
000591.jpg,000591.txt
000598.jpg,000598.txt
000599.jpg,000599.txt
000601.jpg,000601.txt
000608.jpg,000608.txt
000610.jpg,000610.txt
000613.jpg,000613.txt
000619.jpg,000619.txt
000626.jpg,000626.txt
000628.jpg,000628.txt
000637.jpg,000637.txt
000645.jpg,000645.txt
000647.jpg,000647.txt
000653.jpg,000653.txt
000656.jpg,000656.txt
000660.jpg,000660.txt
000661.jpg,000661.txt
000663.jpg,000663.txt
000667.jpg,000667.txt
000675.jpg,000675.txt
000676.jpg,000676.txt
000677.jpg,000677.txt
000682.jpg,000682.txt
000684.jpg,000684.txt
000686.jpg,000686.txt
000690.jpg,000690.txt
000694.jpg,000694.txt
000702.jpg,000702.txt
000705.jpg,000705.txt
000707.jpg,000707.txt
000712.jpg,000712.txt
000713.jpg,000713.txt
000714.jpg,000714.txt
000717.jpg,000717.txt
000720.jpg,000720.txt
000728.jpg,000728.txt
000730.jpg,000730.txt
000738.jpg,000738.txt
000742.jpg,000742.txt
000746.jpg,000746.txt
000748.jpg,000748.txt
000750.jpg,000750.txt
000752.jpg,000752.txt
000755.jpg,000755.txt
000756.jpg,000756.txt
000760.jpg,000760.txt
000763.jpg,000763.txt
000771.jpg,000771.txt
000772.jpg,000772.txt
000776.jpg,000776.txt
000777.jpg,000777.txt
000780.jpg,000780.txt
000782.jpg,000782.txt
000786.jpg,000786.txt
000787.jpg,000787.txt
000791.jpg,000791.txt
000794.jpg,000794.txt
000797.jpg,000797.txt
000799.jpg,000799.txt
000800.jpg,000800.txt
000802.jpg,000802.txt
000806.jpg,000806.txt
000808.jpg,000808.txt
000814.jpg,000814.txt
000815.jpg,000815.txt
000816.jpg,000816.txt
000826.jpg,000826.txt
000831.jpg,000831.txt
000832.jpg,000832.txt
000834.jpg,000834.txt
000842.jpg,000842.txt
000843.jpg,000843.txt
000847.jpg,000847.txt
000848.jpg,000848.txt
000854.jpg,000854.txt
000855.jpg,000855.txt
000857.jpg,000857.txt
000862.jpg,000862.txt
000863.jpg,000863.txt
000868.jpg,000868.txt
000872.jpg,000872.txt
000874.jpg,000874.txt
000876.jpg,000876.txt
000878.jpg,000878.txt
000879.jpg,000879.txt
000880.jpg,000880.txt
000882.jpg,000882.txt
000885.jpg,000885.txt
000895.jpg,000895.txt
000896.jpg,000896.txt
000903.jpg,000903.txt
000911.jpg,000911.txt
000917.jpg,000917.txt
000918.jpg,000918.txt
000920.jpg,000920.txt
000921.jpg,000921.txt
000923.jpg,000923.txt
000926.jpg,000926.txt
000931.jpg,000931.txt
000934.jpg,000934.txt
000935.jpg,000935.txt
000937.jpg,000937.txt
000946.jpg,000946.txt
000947.jpg,000947.txt
000948.jpg,000948.txt
000949.jpg,000949.txt
000971.jpg,000971.txt
000972.jpg,000972.txt
000973.jpg,000973.txt
000982.jpg,000982.txt
001004.jpg,001004.txt
001009.jpg,001009.txt
001012.jpg,001012.txt
001017.jpg,001017.txt
001018.jpg,001018.txt
001027.jpg,001027.txt
001028.jpg,001028.txt
001041.jpg,001041.txt
001042.jpg,001042.txt
001045.jpg,001045.txt
001052.jpg,001052.txt
001053.jpg,001053.txt
001056.jpg,001056.txt
001061.jpg,001061.txt
001062.jpg,001062.txt
001066.jpg,001066.txt
001069.jpg,001069.txt
001072.jpg,001072.txt
001074.jpg,001074.txt
001083.jpg,001083.txt
001084.jpg,001084.txt
001091.jpg,001091.txt
001092.jpg,001092.txt
001093.jpg,001093.txt
001097.jpg,001097.txt
001102.jpg,001102.txt
001104.jpg,001104.txt
001107.jpg,001107.txt
001109.jpg,001109.txt
001110.jpg,001110.txt
001121.jpg,001121.txt
001124.jpg,001124.txt
001125.jpg,001125.txt
001136.jpg,001136.txt
001137.jpg,001137.txt
001142.jpg,001142.txt
001143.jpg,001143.txt
001144.jpg,001144.txt
001145.jpg,001145.txt
001148.jpg,001148.txt
001149.jpg,001149.txt
001154.jpg,001154.txt
001160.jpg,001160.txt
001161.jpg,001161.txt
001164.jpg,001164.txt
001166.jpg,001166.txt
001170.jpg,001170.txt
001175.jpg,001175.txt
001176.jpg,001176.txt
001184.jpg,001184.txt
001185.jpg,001185.txt
001186.jpg,001186.txt
001187.jpg,001187.txt
001192.jpg,001192.txt
001199.jpg,001199.txt
001200.jpg,001200.txt
001201.jpg,001201.txt
001203.jpg,001203.txt
001206.jpg,001206.txt
001211.jpg,001211.txt
001215.jpg,001215.txt
001221.jpg,001221.txt
001224.jpg,001224.txt
001225.jpg,001225.txt
001231.jpg,001231.txt
001233.jpg,001233.txt
001236.jpg,001236.txt
001241.jpg,001241.txt
001247.jpg,001247.txt
001250.jpg,001250.txt
001254.jpg,001254.txt
001259.jpg,001259.txt
001260.jpg,001260.txt
001265.jpg,001265.txt
001266.jpg,001266.txt
001272.jpg,001272.txt
001274.jpg,001274.txt
001277.jpg,001277.txt
001281.jpg,001281.txt
001284.jpg,001284.txt
001286.jpg,001286.txt
001288.jpg,001288.txt
001289.jpg,001289.txt
001290.jpg,001290.txt
001292.jpg,001292.txt
001293.jpg,001293.txt
001298.jpg,001298.txt
001310.jpg,001310.txt
001311.jpg,001311.txt
001316.jpg,001316.txt
001324.jpg,001324.txt
001330.jpg,001330.txt
001337.jpg,001337.txt
001341.jpg,001341.txt
001343.jpg,001343.txt
001350.jpg,001350.txt
001352.jpg,001352.txt
001360.jpg,001360.txt
001361.jpg,001361.txt
001362.jpg,001362.txt
001371.jpg,001371.txt
001375.jpg,001375.txt
001383.jpg,001383.txt
001386.jpg,001386.txt
001387.jpg,001387.txt
001397.jpg,001397.txt
001400.jpg,001400.txt
001413.jpg,001413.txt
001430.jpg,001430.txt
001432.jpg,001432.txt
001439.jpg,001439.txt
001441.jpg,001441.txt
001443.jpg,001443.txt
001444.jpg,001444.txt
001445.jpg,001445.txt
001460.jpg,001460.txt
001463.jpg,001463.txt
001464.jpg,001464.txt
001465.jpg,001465.txt
001466.jpg,001466.txt
001467.jpg,001467.txt
001472.jpg,001472.txt
001475.jpg,001475.txt
001481.jpg,001481.txt
001484.jpg,001484.txt
001490.jpg,001490.txt
001493.jpg,001493.txt
001497.jpg,001497.txt
001509.jpg,001509.txt
001510.jpg,001510.txt
001514.jpg,001514.txt
001522.jpg,001522.txt
001523.jpg,001523.txt
001531.jpg,001531.txt
001536.jpg,001536.txt
001537.jpg,001537.txt
001541.jpg,001541.txt
001543.jpg,001543.txt
001544.jpg,001544.txt
001545.jpg,001545.txt
001553.jpg,001553.txt
001554.jpg,001554.txt
001561.jpg,001561.txt
001565.jpg,001565.txt
001571.jpg,001571.txt
001577.jpg,001577.txt
001582.jpg,001582.txt
001588.jpg,001588.txt
001595.jpg,001595.txt
001598.jpg,001598.txt
001603.jpg,001603.txt
001608.jpg,001608.txt
001614.jpg,001614.txt
001617.jpg,001617.txt
001618.jpg,001618.txt
001628.jpg,001628.txt
001632.jpg,001632.txt
001638.jpg,001638.txt
001640.jpg,001640.txt
001642.jpg,001642.txt
001647.jpg,001647.txt
001653.jpg,001653.txt
001675.jpg,001675.txt
001677.jpg,001677.txt
001678.jpg,001678.txt
001682.jpg,001682.txt
001685.jpg,001685.txt
001686.jpg,001686.txt
001689.jpg,001689.txt
001691.jpg,001691.txt
001693.jpg,001693.txt
001718.jpg,001718.txt
001724.jpg,001724.txt
001725.jpg,001725.txt
001726.jpg,001726.txt
001727.jpg,001727.txt
001730.jpg,001730.txt
001746.jpg,001746.txt
001747.jpg,001747.txt
001749.jpg,001749.txt
001755.jpg,001755.txt
001756.jpg,001756.txt
001771.jpg,001771.txt
001772.jpg,001772.txt
001775.jpg,001775.txt
001778.jpg,001778.txt
001782.jpg,001782.txt
001784.jpg,001784.txt
001785.jpg,001785.txt
001793.jpg,001793.txt
001795.jpg,001795.txt
001797.jpg,001797.txt
001799.jpg,001799.txt
001801.jpg,001801.txt
001807.jpg,001807.txt
001816.jpg,001816.txt
001818.jpg,001818.txt
001827.jpg,001827.txt
001830.jpg,001830.txt
001833.jpg,001833.txt
001837.jpg,001837.txt
001842.jpg,001842.txt
001847.jpg,001847.txt
001849.jpg,001849.txt
001855.jpg,001855.txt
001860.jpg,001860.txt
001862.jpg,001862.txt
001872.jpg,001872.txt
001875.jpg,001875.txt
001877.jpg,001877.txt
001878.jpg,001878.txt
001882.jpg,001882.txt
001887.jpg,001887.txt
001888.jpg,001888.txt
001899.jpg,001899.txt
001901.jpg,001901.txt
001907.jpg,001907.txt
001911.jpg,001911.txt
001918.jpg,001918.txt
001920.jpg,001920.txt
001927.jpg,001927.txt
001931.jpg,001931.txt
001932.jpg,001932.txt
001933.jpg,001933.txt
001934.jpg,001934.txt
001936.jpg,001936.txt
001940.jpg,001940.txt
001944.jpg,001944.txt
001948.jpg,001948.txt
001958.jpg,001958.txt
001962.jpg,001962.txt
001964.jpg,001964.txt
001970.jpg,001970.txt
001972.jpg,001972.txt
001976.jpg,001976.txt
001982.jpg,001982.txt
002000.jpg,002000.txt
002011.jpg,002011.txt
002019.jpg,002019.txt
002021.jpg,002021.txt
002022.jpg,002022.txt
002023.jpg,002023.txt
002024.jpg,002024.txt
002030.jpg,002030.txt
002036.jpg,002036.txt
002045.jpg,002045.txt
002054.jpg,002054.txt
002058.jpg,002058.txt
002063.jpg,002063.txt
002064.jpg,002064.txt
002067.jpg,002067.txt
002070.jpg,002070.txt
002082.jpg,002082.txt
002083.jpg,002083.txt
002086.jpg,002086.txt
002088.jpg,002088.txt
002090.jpg,002090.txt
002091.jpg,002091.txt
002094.jpg,002094.txt
002098.jpg,002098.txt
002099.jpg,002099.txt
002101.jpg,002101.txt
002102.jpg,002102.txt
002109.jpg,002109.txt
002112.jpg,002112.txt
002114.jpg,002114.txt
002124.jpg,002124.txt
002125.jpg,002125.txt
002129.jpg,002129.txt
002135.jpg,002135.txt
002136.jpg,002136.txt
002140.jpg,002140.txt
002142.jpg,002142.txt
002145.jpg,002145.txt
002146.jpg,002146.txt
002152.jpg,002152.txt
002163.jpg,002163.txt
002165.jpg,002165.txt
002169.jpg,002169.txt
002171.jpg,002171.txt
002174.jpg,002174.txt
002181.jpg,002181.txt
002183.jpg,002183.txt
002184.jpg,002184.txt
002190.jpg,002190.txt
002201.jpg,002201.txt
002202.jpg,002202.txt
002209.jpg,002209.txt
002213.jpg,002213.txt
002214.jpg,002214.txt
002218.jpg,002218.txt
002220.jpg,002220.txt
002226.jpg,002226.txt
002228.jpg,002228.txt
002233.jpg,002233.txt
002244.jpg,002244.txt
002248.jpg,002248.txt
002251.jpg,002251.txt
002257.jpg,002257.txt
002259.jpg,002259.txt
002261.jpg,002261.txt
002263.jpg,002263.txt
002266.jpg,002266.txt
002267.jpg,002267.txt
002268.jpg,002268.txt
002270.jpg,002270.txt
002272.jpg,002272.txt
002273.jpg,002273.txt
002276.jpg,002276.txt
002278.jpg,002278.txt
002281.jpg,002281.txt
002285.jpg,002285.txt
002288.jpg,002288.txt
002290.jpg,002290.txt
002300.jpg,002300.txt
002302.jpg,002302.txt
002305.jpg,002305.txt
002308.jpg,002308.txt
002324.jpg,002324.txt
002328.jpg,002328.txt
002329.jpg,002329.txt
002330.jpg,002330.txt
002332.jpg,002332.txt
002333.jpg,002333.txt
002337.jpg,002337.txt
002340.jpg,002340.txt
002343.jpg,002343.txt
002345.jpg,002345.txt
002348.jpg,002348.txt
002352.jpg,002352.txt
002361.jpg,002361.txt
002364.jpg,002364.txt
002366.jpg,002366.txt
002367.jpg,002367.txt
002369.jpg,002369.txt
002371.jpg,002371.txt
002372.jpg,002372.txt
002374.jpg,002374.txt
002375.jpg,002375.txt
002376.jpg,002376.txt
002377.jpg,002377.txt
002378.jpg,002378.txt
002382.jpg,002382.txt
002385.jpg,002385.txt
002387.jpg,002387.txt
002391.jpg,002391.txt
002393.jpg,002393.txt
002404.jpg,002404.txt
002407.jpg,002407.txt
002415.jpg,002415.txt
002417.jpg,002417.txt
002425.jpg,002425.txt
002427.jpg,002427.txt
002435.jpg,002435.txt
002437.jpg,002437.txt
002441.jpg,002441.txt
002444.jpg,002444.txt
002450.jpg,002450.txt
002452.jpg,002452.txt
002454.jpg,002454.txt
002456.jpg,002456.txt
002459.jpg,002459.txt
002460.jpg,002460.txt
002462.jpg,002462.txt
002470.jpg,002470.txt
002476.jpg,002476.txt
002477.jpg,002477.txt
002479.jpg,002479.txt
002491.jpg,002491.txt
002492.jpg,002492.txt
002493.jpg,002493.txt
002497.jpg,002497.txt
002504.jpg,002504.txt
002505.jpg,002505.txt
002508.jpg,002508.txt
002513.jpg,002513.txt
002520.jpg,002520.txt
002523.jpg,002523.txt
002524.jpg,002524.txt
002525.jpg,002525.txt
002529.jpg,002529.txt
002537.jpg,002537.txt
002540.jpg,002540.txt
002542.jpg,002542.txt
002546.jpg,002546.txt
002549.jpg,002549.txt
002561.jpg,002561.txt
002563.jpg,002563.txt
002565.jpg,002565.txt
002566.jpg,002566.txt
002567.jpg,002567.txt
002578.jpg,002578.txt
002584.jpg,002584.txt
002585.jpg,002585.txt
002586.jpg,002586.txt
002589.jpg,002589.txt
002593.jpg,002593.txt
002598.jpg,002598.txt
002600.jpg,002600.txt
002605.jpg,002605.txt
002606.jpg,002606.txt
002613.jpg,002613.txt
002615.jpg,002615.txt
002618.jpg,002618.txt
002621.jpg,002621.txt
002632.jpg,002632.txt
002633.jpg,002633.txt
002636.jpg,002636.txt
002637.jpg,002637.txt
002641.jpg,002641.txt
002643.jpg,002643.txt
002646.jpg,002646.txt
002649.jpg,002649.txt
002657.jpg,002657.txt
002658.jpg,002658.txt
002659.jpg,002659.txt
002667.jpg,002667.txt
002668.jpg,002668.txt
002670.jpg,002670.txt
002675.jpg,002675.txt
002677.jpg,002677.txt
002678.jpg,002678.txt
002689.jpg,002689.txt
002690.jpg,002690.txt
002693.jpg,002693.txt
002695.jpg,002695.txt
002696.jpg,002696.txt
002699.jpg,002699.txt
002706.jpg,002706.txt
002709.jpg,002709.txt
002714.jpg,002714.txt
002717.jpg,002717.txt
002718.jpg,002718.txt
002721.jpg,002721.txt
002723.jpg,002723.txt
002727.jpg,002727.txt
002732.jpg,002732.txt
002734.jpg,002734.txt
002741.jpg,002741.txt
002747.jpg,002747.txt
002751.jpg,002751.txt
002760.jpg,002760.txt
002762.jpg,002762.txt
002767.jpg,002767.txt
002772.jpg,002772.txt
002775.jpg,002775.txt
002776.jpg,002776.txt
002784.jpg,002784.txt
002785.jpg,002785.txt
002786.jpg,002786.txt
002794.jpg,002794.txt
002798.jpg,002798.txt
002800.jpg,002800.txt
002803.jpg,002803.txt
002810.jpg,002810.txt
002812.jpg,002812.txt
002815.jpg,002815.txt
002827.jpg,002827.txt
002833.jpg,002833.txt
002835.jpg,002835.txt
002836.jpg,002836.txt
002838.jpg,002838.txt
002842.jpg,002842.txt
002847.jpg,002847.txt
002854.jpg,002854.txt
002859.jpg,002859.txt
002875.jpg,002875.txt
002879.jpg,002879.txt
002880.jpg,002880.txt
002884.jpg,002884.txt
002886.jpg,002886.txt
002889.jpg,002889.txt
002891.jpg,002891.txt
002893.jpg,002893.txt
002896.jpg,002896.txt
002901.jpg,002901.txt
002910.jpg,002910.txt
002912.jpg,002912.txt
002913.jpg,002913.txt
002915.jpg,002915.txt
002916.jpg,002916.txt
002917.jpg,002917.txt
002924.jpg,002924.txt
002932.jpg,002932.txt
002933.jpg,002933.txt
002935.jpg,002935.txt
002938.jpg,002938.txt
002940.jpg,002940.txt
002941.jpg,002941.txt
002942.jpg,002942.txt
002943.jpg,002943.txt
002944.jpg,002944.txt
002946.jpg,002946.txt
002947.jpg,002947.txt
002952.jpg,002952.txt
002954.jpg,002954.txt
002960.jpg,002960.txt
002963.jpg,002963.txt
002965.jpg,002965.txt
002966.jpg,002966.txt
002967.jpg,002967.txt
002977.jpg,002977.txt
002978.jpg,002978.txt
002984.jpg,002984.txt
002986.jpg,002986.txt
002994.jpg,002994.txt
003000.jpg,003000.txt
003004.jpg,003004.txt
003005.jpg,003005.txt
003008.jpg,003008.txt
003009.jpg,003009.txt
003015.jpg,003015.txt
003017.jpg,003017.txt
003021.jpg,003021.txt
003023.jpg,003023.txt
003028.jpg,003028.txt
003031.jpg,003031.txt
003032.jpg,003032.txt
003038.jpg,003038.txt
003039.jpg,003039.txt
003044.jpg,003044.txt
003045.jpg,003045.txt
003054.jpg,003054.txt
003056.jpg,003056.txt
003057.jpg,003057.txt
003058.jpg,003058.txt
003064.jpg,003064.txt
003065.jpg,003065.txt
003072.jpg,003072.txt
003078.jpg,003078.txt
003082.jpg,003082.txt
003086.jpg,003086.txt
003089.jpg,003089.txt
003090.jpg,003090.txt
003093.jpg,003093.txt
003094.jpg,003094.txt
003098.jpg,003098.txt
003102.jpg,003102.txt
003112.jpg,003112.txt
003117.jpg,003117.txt
003118.jpg,003118.txt
003120.jpg,003120.txt
003121.jpg,003121.txt
003126.jpg,003126.txt
003127.jpg,003127.txt
003129.jpg,003129.txt
003137.jpg,003137.txt
003142.jpg,003142.txt
003154.jpg,003154.txt
003162.jpg,003162.txt
003164.jpg,003164.txt
003170.jpg,003170.txt
003176.jpg,003176.txt
003177.jpg,003177.txt
003178.jpg,003178.txt
003186.jpg,003186.txt
003189.jpg,003189.txt
003194.jpg,003194.txt
003195.jpg,003195.txt
003199.jpg,003199.txt
003200.jpg,003200.txt
003207.jpg,003207.txt
003210.jpg,003210.txt
003213.jpg,003213.txt
003216.jpg,003216.txt
003218.jpg,003218.txt
003219.jpg,003219.txt
003223.jpg,003223.txt
003228.jpg,003228.txt
003239.jpg,003239.txt
003243.jpg,003243.txt
003250.jpg,003250.txt
003255.jpg,003255.txt
003256.jpg,003256.txt
003258.jpg,003258.txt
003262.jpg,003262.txt
003271.jpg,003271.txt
003272.jpg,003272.txt
003274.jpg,003274.txt
003285.jpg,003285.txt
003293.jpg,003293.txt
003294.jpg,003294.txt
003296.jpg,003296.txt
003299.jpg,003299.txt
003300.jpg,003300.txt
003301.jpg,003301.txt
003307.jpg,003307.txt
003311.jpg,003311.txt
003313.jpg,003313.txt
003316.jpg,003316.txt
003325.jpg,003325.txt
003327.jpg,003327.txt
003335.jpg,003335.txt
003344.jpg,003344.txt
003351.jpg,003351.txt
003360.jpg,003360.txt
003362.jpg,003362.txt
003370.jpg,003370.txt
003376.jpg,003376.txt
003377.jpg,003377.txt
003386.jpg,003386.txt
003390.jpg,003390.txt
003391.jpg,003391.txt
003397.jpg,003397.txt
003398.jpg,003398.txt
003403.jpg,003403.txt
003404.jpg,003404.txt
003407.jpg,003407.txt
003410.jpg,003410.txt
003415.jpg,003415.txt
003419.jpg,003419.txt
003422.jpg,003422.txt
003425.jpg,003425.txt
003429.jpg,003429.txt
003435.jpg,003435.txt
003443.jpg,003443.txt
003444.jpg,003444.txt
003449.jpg,003449.txt
003451.jpg,003451.txt
003453.jpg,003453.txt
003455.jpg,003455.txt
003458.jpg,003458.txt
003461.jpg,003461.txt
003462.jpg,003462.txt
003464.jpg,003464.txt
003465.jpg,003465.txt
003468.jpg,003468.txt
003469.jpg,003469.txt
003470.jpg,003470.txt
003492.jpg,003492.txt
003516.jpg,003516.txt
003518.jpg,003518.txt
003519.jpg,003519.txt
003521.jpg,003521.txt
003528.jpg,003528.txt
003530.jpg,003530.txt
003536.jpg,003536.txt
003537.jpg,003537.txt
003546.jpg,003546.txt
003554.jpg,003554.txt
003556.jpg,003556.txt
003566.jpg,003566.txt
003567.jpg,003567.txt
003580.jpg,003580.txt
003587.jpg,003587.txt
003589.jpg,003589.txt
003593.jpg,003593.txt
003594.jpg,003594.txt
003597.jpg,003597.txt
003606.jpg,003606.txt
003611.jpg,003611.txt
003618.jpg,003618.txt
003620.jpg,003620.txt
003623.jpg,003623.txt
003632.jpg,003632.txt
003636.jpg,003636.txt
003638.jpg,003638.txt
003639.jpg,003639.txt
003640.jpg,003640.txt
003648.jpg,003648.txt
003651.jpg,003651.txt
003654.jpg,003654.txt
003655.jpg,003655.txt
003657.jpg,003657.txt
003660.jpg,003660.txt
003667.jpg,003667.txt
003669.jpg,003669.txt
003673.jpg,003673.txt
003674.jpg,003674.txt
003675.jpg,003675.txt
003684.jpg,003684.txt
003685.jpg,003685.txt
003690.jpg,003690.txt
003691.jpg,003691.txt
003696.jpg,003696.txt
003703.jpg,003703.txt
003706.jpg,003706.txt
003708.jpg,003708.txt
003709.jpg,003709.txt
003711.jpg,003711.txt
003717.jpg,003717.txt
003721.jpg,003721.txt
003722.jpg,003722.txt
003727.jpg,003727.txt
003729.jpg,003729.txt
003750.jpg,003750.txt
003753.jpg,003753.txt
003754.jpg,003754.txt
003760.jpg,003760.txt
003772.jpg,003772.txt
003774.jpg,003774.txt
003780.jpg,003780.txt
003783.jpg,003783.txt
003791.jpg,003791.txt
003793.jpg,003793.txt
003796.jpg,003796.txt
003798.jpg,003798.txt
003803.jpg,003803.txt
003808.jpg,003808.txt
003809.jpg,003809.txt
003814.jpg,003814.txt
003820.jpg,003820.txt
003821.jpg,003821.txt
003826.jpg,003826.txt
003837.jpg,003837.txt
003838.jpg,003838.txt
003844.jpg,003844.txt
003845.jpg,003845.txt
003846.jpg,003846.txt
003848.jpg,003848.txt
003855.jpg,003855.txt
003857.jpg,003857.txt
003863.jpg,003863.txt
003868.jpg,003868.txt
003869.jpg,003869.txt
003871.jpg,003871.txt
003872.jpg,003872.txt
003876.jpg,003876.txt
003877.jpg,003877.txt
003885.jpg,003885.txt
003886.jpg,003886.txt
003891.jpg,003891.txt
003895.jpg,003895.txt
003905.jpg,003905.txt
003911.jpg,003911.txt
003915.jpg,003915.txt
003918.jpg,003918.txt
003919.jpg,003919.txt
003923.jpg,003923.txt
003924.jpg,003924.txt
003926.jpg,003926.txt
003937.jpg,003937.txt
003941.jpg,003941.txt
003946.jpg,003946.txt
003947.jpg,003947.txt
003948.jpg,003948.txt
003954.jpg,003954.txt
003957.jpg,003957.txt
003960.jpg,003960.txt
003963.jpg,003963.txt
003965.jpg,003965.txt
003966.jpg,003966.txt
